model,feature_name,feature_role,categorical_order
B0,calendar_month,NUMERIC,
B0,day_of_week,NUMERIC,
B0,venue,CATEGORICAL,1
B0,race_number,NUMERIC,
B0,race_type,CATEGORICAL,2
B0,surface,CATEGORICAL,3
B0,direction,CATEGORICAL,4
B0,distance_m,NUMERIC,
B0,log_prize_1,NUMERIC,
B0,log_prize_total,NUMERIC,
B0,frame_number,NUMERIC,
B0,horse_number,NUMERIC,
B0,assigned_weight,NUMERIC,
B0,jockey_affiliation,CATEGORICAL,5
B0,trainer_affiliation,CATEGORICAL,6
B0,racing_age,NUMERIC,
B0,sex,CATEGORICAL,7
B0,prior_starts,NUMERIC,
B0,days_since_last_race,NUMERIC,
B0,days_since_second_last_race,NUMERIC,
B0,starts_last_30d,NUMERIC,
B0,starts_last_90d,NUMERIC,
B0,starts_last_365d,NUMERIC,
B0,last1_finish_pct,NUMERIC,
B0,mean_last3_finish_pct,NUMERIC,
B0,mean_last5_finish_pct,NUMERIC,
B0,best_last5_finish_pct,NUMERIC,
B0,sd_last5_finish_pct,NUMERIC,
B0,prior_win_rate,NUMERIC,
B0,prior_top3_rate,NUMERIC,
B0,same_venue_starts,NUMERIC,
B0,same_venue_mean_finish_pct,NUMERIC,
B0,same_venue_top3_rate,NUMERIC,
B0,same_distance_starts,NUMERIC,
B0,same_distance_mean_finish_pct,NUMERIC,
B0,same_distance_top3_rate,NUMERIC,
B0,same_venue_distance_starts,NUMERIC,
B0,same_venue_distance_mean_finish_pct,NUMERIC,
B0,same_venue_distance_top3_rate,NUMERIC,
B0,same_surface_starts,NUMERIC,
B0,same_surface_mean_finish_pct,NUMERIC,
B0,same_direction_starts,NUMERIC,
B0,same_direction_mean_finish_pct,NUMERIC,
B0,jockey_90d_starts,NUMERIC,
B0,jockey_90d_mean_finish_pct,NUMERIC,
B0,jockey_90d_top3_rate,NUMERIC,
B0,jockey_365d_starts,NUMERIC,
B0,jockey_365d_mean_finish_pct,NUMERIC,
B0,jockey_365d_top3_rate,NUMERIC,
B0,trainer_90d_starts,NUMERIC,
B0,trainer_90d_mean_finish_pct,NUMERIC,
B0,trainer_90d_top3_rate,NUMERIC,
B0,trainer_365d_starts,NUMERIC,
B0,trainer_365d_mean_finish_pct,NUMERIC,
B0,trainer_365d_top3_rate,NUMERIC,
PRIMARY,calendar_month,NUMERIC,
PRIMARY,day_of_week,NUMERIC,
PRIMARY,venue,CATEGORICAL,1
PRIMARY,race_number,NUMERIC,
PRIMARY,race_type,CATEGORICAL,2
PRIMARY,surface,CATEGORICAL,3
PRIMARY,direction,CATEGORICAL,4
PRIMARY,distance_m,NUMERIC,
PRIMARY,log_prize_1,NUMERIC,
PRIMARY,log_prize_total,NUMERIC,
PRIMARY,frame_number,NUMERIC,
PRIMARY,horse_number,NUMERIC,
PRIMARY,assigned_weight,NUMERIC,
PRIMARY,jockey_affiliation,CATEGORICAL,5
PRIMARY,trainer_affiliation,CATEGORICAL,6
PRIMARY,racing_age,NUMERIC,
PRIMARY,sex,CATEGORICAL,7
PRIMARY,prior_starts,NUMERIC,
PRIMARY,days_since_last_race,NUMERIC,
PRIMARY,days_since_second_last_race,NUMERIC,
PRIMARY,starts_last_30d,NUMERIC,
PRIMARY,starts_last_90d,NUMERIC,
PRIMARY,starts_last_365d,NUMERIC,
PRIMARY,last1_finish_pct,NUMERIC,
PRIMARY,mean_last3_finish_pct,NUMERIC,
PRIMARY,mean_last5_finish_pct,NUMERIC,
PRIMARY,best_last5_finish_pct,NUMERIC,
PRIMARY,sd_last5_finish_pct,NUMERIC,
PRIMARY,prior_win_rate,NUMERIC,
PRIMARY,prior_top3_rate,NUMERIC,
PRIMARY,same_venue_starts,NUMERIC,
PRIMARY,same_venue_mean_finish_pct,NUMERIC,
PRIMARY,same_venue_top3_rate,NUMERIC,
PRIMARY,same_distance_starts,NUMERIC,
PRIMARY,same_distance_mean_finish_pct,NUMERIC,
PRIMARY,same_distance_top3_rate,NUMERIC,
PRIMARY,same_venue_distance_starts,NUMERIC,
PRIMARY,same_venue_distance_mean_finish_pct,NUMERIC,
PRIMARY,same_venue_distance_top3_rate,NUMERIC,
PRIMARY,same_surface_starts,NUMERIC,
PRIMARY,same_surface_mean_finish_pct,NUMERIC,
PRIMARY,same_direction_starts,NUMERIC,
PRIMARY,same_direction_mean_finish_pct,NUMERIC,
PRIMARY,jockey_90d_starts,NUMERIC,
PRIMARY,jockey_90d_mean_finish_pct,NUMERIC,
PRIMARY,jockey_90d_top3_rate,NUMERIC,
PRIMARY,jockey_365d_starts,NUMERIC,
PRIMARY,jockey_365d_mean_finish_pct,NUMERIC,
PRIMARY,jockey_365d_top3_rate,NUMERIC,
PRIMARY,trainer_90d_starts,NUMERIC,
PRIMARY,trainer_90d_mean_finish_pct,NUMERIC,
PRIMARY,trainer_90d_top3_rate,NUMERIC,
PRIMARY,trainer_365d_starts,NUMERIC,
PRIMARY,trainer_365d_mean_finish_pct,NUMERIC,
PRIMARY,trainer_365d_top3_rate,NUMERIC,
PRIMARY,class_code,CATEGORICAL,8
PRIMARY,class_ordinal,NUMERIC,
PRIMARY,class_known_flag,NUMERIC,
PRIMARY,mixed_class_flag,NUMERIC,
PRIMARY,age_condition_code,CATEGORICAL,9
PRIMARY,sex_restriction_flag,NUMERIC,
PRIMARY,last1_class_ordinal,NUMERIC,
PRIMARY,official_class_delta_last1,NUMERIC,
PRIMARY,emp_horse_prior_count,NUMERIC,
PRIMARY,emp_horse_mean_z,NUMERIC,
PRIMARY,emp_horse_sd_z,NUMERIC,
PRIMARY,emp_field_mean_z,NUMERIC,
PRIMARY,emp_field_median_z,NUMERIC,
PRIMARY,emp_field_top3_mean_z,NUMERIC,
PRIMARY,emp_field_sd_z,NUMERIC,
PRIMARY,emp_field_rating_coverage,NUMERIC,
PRIMARY,emp_runner_vs_field_delta_z,NUMERIC,
PRIMARY,emp_last_race_field_strength_z,NUMERIC,
PRIMARY,emp_prev_to_current_strength_delta_z,NUMERIC,
PRIMARY,emp_horse_se_z,NUMERIC,
PRIMARY,emp_field_uncertainty_mean,NUMERIC,
PRIMARY,speed_prior_obs_count,NUMERIC,
PRIMARY,speed_recent3_count,NUMERIC,
PRIMARY,speed_recent5_count,NUMERIC,
PRIMARY,days_since_last_speed,NUMERIC,
PRIMARY,speed_cold_start_flag,NUMERIC,
PRIMARY,speed_last_z,NUMERIC,
PRIMARY,speed_recent3_mean_z,NUMERIC,
PRIMARY,speed_recent5_mean_z,NUMERIC,
PRIMARY,speed_recent5_best_z,NUMERIC,
PRIMARY,speed_recent5_dispersion_z,NUMERIC,
PRIMARY,speed_recent3_trend_z,NUMERIC,
PRIMARY,speed_exact_course_prior_count,NUMERIC,
PRIMARY,speed_exact_course_recent3_count,NUMERIC,
PRIMARY,speed_exact_course_last_z,NUMERIC,
PRIMARY,speed_exact_course_recent3_mean_z,NUMERIC,
PRIMARY,pace_closing_prior_obs_count,NUMERIC,
PRIMARY,pace_closing_recent3_count,NUMERIC,
PRIMARY,pace_closing_recent5_count,NUMERIC,
PRIMARY,days_since_last_closing_obs,NUMERIC,
PRIMARY,pace_closing_cold_start_flag,NUMERIC,
PRIMARY,pace_last_last3f_rank_pct,NUMERIC,
PRIMARY,pace_recent3_last3f_rank_mean,NUMERIC,
PRIMARY,pace_recent5_last3f_rank_mean,NUMERIC,
PRIMARY,pace_recent5_last3f_rank_best,NUMERIC,
PRIMARY,pace_recent5_last3f_rank_dispersion,NUMERIC,
PRIMARY,pace_recent3_last3f_rank_trend,NUMERIC,
PRIMARY,pace_last_closing_adv_sec,NUMERIC,
PRIMARY,pace_recent3_closing_adv_mean_sec,NUMERIC,
PRIMARY,pace_front_recent3_mean,NUMERIC,
PRIMARY,pace_front_recent5_mean,NUMERIC,
PRIMARY,pace_front_recent5_count,NUMERIC,
PRIMARY,near_distance_200m_starts,NUMERIC,
PRIMARY,near_distance_200m_mean_finish_pct,NUMERIC,
PRIMARY,same_venue_near_distance_200m_starts,NUMERIC,
PRIMARY,same_venue_near_distance_200m_mean_finish_pct,NUMERIC,
PRIMARY,same_direction_distance_starts,NUMERIC,
PRIMARY,same_direction_distance_mean_finish_pct,NUMERIC,
PRIMARY,comp_ability_mean,NUMERIC,
PRIMARY,comp_ability_sd,NUMERIC,
PRIMARY,comp_ability_top3_mean,NUMERIC,
PRIMARY,comp_ability_gap_1_2,NUMERIC,
PRIMARY,comp_ability_gap_3_4,NUMERIC,
PRIMARY,comp_ability_coverage,NUMERIC,
PRIMARY,comp_speed_mean,NUMERIC,
PRIMARY,comp_speed_sd,NUMERIC,
PRIMARY,comp_speed_top3_mean,NUMERIC,
PRIMARY,comp_speed_coverage,NUMERIC,
PRIMARY,comp_front_propensity_sum,NUMERIC,
PRIMARY,comp_front_propensity_max,NUMERIC,
PRIMARY,comp_front_propensity_sd,NUMERIC,
PRIMARY,comp_history_coverage_mean,NUMERIC,
PRIMARY,comp_uncertainty_mean,NUMERIC,
PRIMARY,comp_uncertainty_sd,NUMERIC,
